{"cv": 0.9412850307587151, "r2_training": 1.0, "r2_testing": 0.7963944856839873, "rmse": 0.4330127018922193}